{
  "source": "precomputed",
  "models": [
    {
      "name": "Random Forest",
      "metrics": {
        "accuracy": 0.9998098267694755,
        "precision": 0.8729301655867531,
        "recall": 0.9958932238193019,
        "f1": 0.9303663917130252,
        "roc_auc": 0.9992389377688684
      }
    },
    {
      "name": "GBM",
      "metrics": {
        "accuracy": 0.95,
        "precision": 0.85,
        "recall": 0.9,
        "f1": 0.87,
        "roc_auc": 0.92
      }
    },
    {
      "name": "Decision Tree",
      "metrics": {
        "accuracy": 0.9,
        "precision": 0.8,
        "recall": 0.85,
        "f1": 0.82,
        "roc_auc": 0.87
      }
    }
  ]
}